-- Datos de FutbolClub
-- Generado: 2025-11-27T01:37:36.153Z

-- Datos de asistencias_entrenamientos
INSERT INTO asistencias_entrenamientos (id, entrenamiento_id, jugador_id, estado, motivo_ausencia_id, comentario, fecha_respuesta) VALUES (269, 8, 11, 'confirmado', NULL, NULL, '2025-11-24T15:16:29.438Z');
INSERT INTO asistencias_entrenamientos (id, entrenamiento_id, jugador_id, estado, motivo_ausencia_id, comentario, fecha_respuesta) VALUES (266, 8, 13, 'confirmado', NULL, NULL, '2025-11-24T15:16:33.151Z');
INSERT INTO asistencias_entrenamientos (id, entrenamiento_id, jugador_id, estado, motivo_ausencia_id, comentario, fecha_respuesta) VALUES (262, 8, 7, 'confirmado', NULL, NULL, '2025-11-24T15:16:41.185Z');
INSERT INTO asistencias_entrenamientos (id, entrenamiento_id, jugador_id, estado, motivo_ausencia_id, comentario, fecha_respuesta) VALUES (267, 8, 6, 'confirmado', NULL, NULL, '2025-11-24T15:16:43.245Z');
INSERT INTO asistencias_entrenamientos (id, entrenamiento_id, jugador_id, estado, motivo_ausencia_id, comentario, fecha_respuesta) VALUES (261, 8, 12, 'confirmado', NULL, NULL, '2025-11-24T15:16:48.201Z');
INSERT INTO asistencias_entrenamientos (id, entrenamiento_id, jugador_id, estado, motivo_ausencia_id, comentario, fecha_respuesta) VALUES (264, 8, 5, 'confirmado', NULL, NULL, '2025-11-24T15:16:54.469Z');
INSERT INTO asistencias_entrenamientos (id, entrenamiento_id, jugador_id, estado, motivo_ausencia_id, comentario, fecha_respuesta) VALUES (259, 8, 4, 'confirmado', NULL, NULL, '2025-11-24T15:17:02.217Z');
INSERT INTO asistencias_entrenamientos (id, entrenamiento_id, jugador_id, estado, motivo_ausencia_id, comentario, fecha_respuesta) VALUES (256, 8, 10, 'no_asiste', 6, NULL, '2025-11-24T15:17:07.282Z');
INSERT INTO asistencias_entrenamientos (id, entrenamiento_id, jugador_id, estado, motivo_ausencia_id, comentario, fecha_respuesta) VALUES (265, 8, 3, 'confirmado', NULL, NULL, '2025-11-24T15:17:12.315Z');
INSERT INTO asistencias_entrenamientos (id, entrenamiento_id, jugador_id, estado, motivo_ausencia_id, comentario, fecha_respuesta) VALUES (305, 9, 17, 'pendiente', NULL, NULL, '2025-11-24T15:52:41.313Z');
INSERT INTO asistencias_entrenamientos (id, entrenamiento_id, jugador_id, estado, motivo_ausencia_id, comentario, fecha_respuesta) VALUES (306, 9, 10, 'pendiente', NULL, NULL, '2025-11-24T15:52:41.317Z');
INSERT INTO asistencias_entrenamientos (id, entrenamiento_id, jugador_id, estado, motivo_ausencia_id, comentario, fecha_respuesta) VALUES (307, 9, 18, 'pendiente', NULL, NULL, '2025-11-24T15:52:41.319Z');
INSERT INTO asistencias_entrenamientos (id, entrenamiento_id, jugador_id, estado, motivo_ausencia_id, comentario, fecha_respuesta) VALUES (308, 9, 8, 'pendiente', NULL, NULL, '2025-11-24T15:52:41.321Z');
INSERT INTO asistencias_entrenamientos (id, entrenamiento_id, jugador_id, estado, motivo_ausencia_id, comentario, fecha_respuesta) VALUES (309, 9, 16, 'pendiente', NULL, NULL, '2025-11-24T15:52:41.323Z');
INSERT INTO asistencias_entrenamientos (id, entrenamiento_id, jugador_id, estado, motivo_ausencia_id, comentario, fecha_respuesta) VALUES (310, 9, 9, 'pendiente', NULL, NULL, '2025-11-24T15:52:41.324Z');
INSERT INTO asistencias_entrenamientos (id, entrenamiento_id, jugador_id, estado, motivo_ausencia_id, comentario, fecha_respuesta) VALUES (311, 9, 4, 'pendiente', NULL, NULL, '2025-11-24T15:52:41.326Z');
INSERT INTO asistencias_entrenamientos (id, entrenamiento_id, jugador_id, estado, motivo_ausencia_id, comentario, fecha_respuesta) VALUES (312, 9, 15, 'pendiente', NULL, NULL, '2025-11-24T15:52:41.328Z');
INSERT INTO asistencias_entrenamientos (id, entrenamiento_id, jugador_id, estado, motivo_ausencia_id, comentario, fecha_respuesta) VALUES (313, 9, 12, 'pendiente', NULL, NULL, '2025-11-24T15:52:41.330Z');
INSERT INTO asistencias_entrenamientos (id, entrenamiento_id, jugador_id, estado, motivo_ausencia_id, comentario, fecha_respuesta) VALUES (314, 9, 7, 'pendiente', NULL, NULL, '2025-11-24T15:52:41.332Z');
INSERT INTO asistencias_entrenamientos (id, entrenamiento_id, jugador_id, estado, motivo_ausencia_id, comentario, fecha_respuesta) VALUES (315, 9, 14, 'pendiente', NULL, NULL, '2025-11-24T15:52:41.334Z');
INSERT INTO asistencias_entrenamientos (id, entrenamiento_id, jugador_id, estado, motivo_ausencia_id, comentario, fecha_respuesta) VALUES (316, 9, 5, 'pendiente', NULL, NULL, '2025-11-24T15:52:41.336Z');
INSERT INTO asistencias_entrenamientos (id, entrenamiento_id, jugador_id, estado, motivo_ausencia_id, comentario, fecha_respuesta) VALUES (317, 9, 3, 'pendiente', NULL, NULL, '2025-11-24T15:52:41.338Z');
INSERT INTO asistencias_entrenamientos (id, entrenamiento_id, jugador_id, estado, motivo_ausencia_id, comentario, fecha_respuesta) VALUES (318, 9, 13, 'pendiente', NULL, NULL, '2025-11-24T15:52:41.339Z');
INSERT INTO asistencias_entrenamientos (id, entrenamiento_id, jugador_id, estado, motivo_ausencia_id, comentario, fecha_respuesta) VALUES (319, 9, 6, 'pendiente', NULL, NULL, '2025-11-24T15:52:41.341Z');
INSERT INTO asistencias_entrenamientos (id, entrenamiento_id, jugador_id, estado, motivo_ausencia_id, comentario, fecha_respuesta) VALUES (320, 9, 2, 'pendiente', NULL, NULL, '2025-11-24T15:52:41.342Z');
INSERT INTO asistencias_entrenamientos (id, entrenamiento_id, jugador_id, estado, motivo_ausencia_id, comentario, fecha_respuesta) VALUES (321, 9, 11, 'pendiente', NULL, NULL, '2025-11-24T15:52:41.344Z');
INSERT INTO asistencias_entrenamientos (id, entrenamiento_id, jugador_id, estado, motivo_ausencia_id, comentario, fecha_respuesta) VALUES (322, 10, 17, 'pendiente', NULL, NULL, '2025-11-24T15:53:25.565Z');
INSERT INTO asistencias_entrenamientos (id, entrenamiento_id, jugador_id, estado, motivo_ausencia_id, comentario, fecha_respuesta) VALUES (323, 10, 10, 'pendiente', NULL, NULL, '2025-11-24T15:53:25.568Z');
INSERT INTO asistencias_entrenamientos (id, entrenamiento_id, jugador_id, estado, motivo_ausencia_id, comentario, fecha_respuesta) VALUES (324, 10, 18, 'pendiente', NULL, NULL, '2025-11-24T15:53:25.569Z');
INSERT INTO asistencias_entrenamientos (id, entrenamiento_id, jugador_id, estado, motivo_ausencia_id, comentario, fecha_respuesta) VALUES (325, 10, 8, 'pendiente', NULL, NULL, '2025-11-24T15:53:25.571Z');
INSERT INTO asistencias_entrenamientos (id, entrenamiento_id, jugador_id, estado, motivo_ausencia_id, comentario, fecha_respuesta) VALUES (326, 10, 16, 'pendiente', NULL, NULL, '2025-11-24T15:53:25.573Z');
INSERT INTO asistencias_entrenamientos (id, entrenamiento_id, jugador_id, estado, motivo_ausencia_id, comentario, fecha_respuesta) VALUES (327, 10, 9, 'pendiente', NULL, NULL, '2025-11-24T15:53:25.574Z');
INSERT INTO asistencias_entrenamientos (id, entrenamiento_id, jugador_id, estado, motivo_ausencia_id, comentario, fecha_respuesta) VALUES (328, 10, 4, 'pendiente', NULL, NULL, '2025-11-24T15:53:25.576Z');
INSERT INTO asistencias_entrenamientos (id, entrenamiento_id, jugador_id, estado, motivo_ausencia_id, comentario, fecha_respuesta) VALUES (329, 10, 15, 'pendiente', NULL, NULL, '2025-11-24T15:53:25.578Z');
INSERT INTO asistencias_entrenamientos (id, entrenamiento_id, jugador_id, estado, motivo_ausencia_id, comentario, fecha_respuesta) VALUES (330, 10, 12, 'pendiente', NULL, NULL, '2025-11-24T15:53:25.580Z');
INSERT INTO asistencias_entrenamientos (id, entrenamiento_id, jugador_id, estado, motivo_ausencia_id, comentario, fecha_respuesta) VALUES (331, 10, 7, 'pendiente', NULL, NULL, '2025-11-24T15:53:25.581Z');
INSERT INTO asistencias_entrenamientos (id, entrenamiento_id, jugador_id, estado, motivo_ausencia_id, comentario, fecha_respuesta) VALUES (332, 10, 14, 'pendiente', NULL, NULL, '2025-11-24T15:53:25.583Z');
INSERT INTO asistencias_entrenamientos (id, entrenamiento_id, jugador_id, estado, motivo_ausencia_id, comentario, fecha_respuesta) VALUES (333, 10, 5, 'pendiente', NULL, NULL, '2025-11-24T15:53:25.585Z');
INSERT INTO asistencias_entrenamientos (id, entrenamiento_id, jugador_id, estado, motivo_ausencia_id, comentario, fecha_respuesta) VALUES (334, 10, 3, 'pendiente', NULL, NULL, '2025-11-24T15:53:25.586Z');
INSERT INTO asistencias_entrenamientos (id, entrenamiento_id, jugador_id, estado, motivo_ausencia_id, comentario, fecha_respuesta) VALUES (335, 10, 13, 'pendiente', NULL, NULL, '2025-11-24T15:53:25.588Z');
INSERT INTO asistencias_entrenamientos (id, entrenamiento_id, jugador_id, estado, motivo_ausencia_id, comentario, fecha_respuesta) VALUES (336, 10, 6, 'pendiente', NULL, NULL, '2025-11-24T15:53:25.590Z');
INSERT INTO asistencias_entrenamientos (id, entrenamiento_id, jugador_id, estado, motivo_ausencia_id, comentario, fecha_respuesta) VALUES (337, 10, 2, 'pendiente', NULL, NULL, '2025-11-24T15:53:25.591Z');
INSERT INTO asistencias_entrenamientos (id, entrenamiento_id, jugador_id, estado, motivo_ausencia_id, comentario, fecha_respuesta) VALUES (338, 10, 11, 'pendiente', NULL, NULL, '2025-11-24T15:53:25.593Z');
INSERT INTO asistencias_entrenamientos (id, entrenamiento_id, jugador_id, estado, motivo_ausencia_id, comentario, fecha_respuesta) VALUES (242, 7, 3, 'pendiente', NULL, NULL, '2025-11-24T13:34:53.859Z');
INSERT INTO asistencias_entrenamientos (id, entrenamiento_id, jugador_id, estado, motivo_ausencia_id, comentario, fecha_respuesta) VALUES (245, 7, 5, 'pendiente', NULL, NULL, '2025-11-24T13:58:42.140Z');
INSERT INTO asistencias_entrenamientos (id, entrenamiento_id, jugador_id, estado, motivo_ausencia_id, comentario, fecha_respuesta) VALUES (339, 11, 17, 'pendiente', NULL, NULL, '2025-11-24T15:53:37.735Z');
INSERT INTO asistencias_entrenamientos (id, entrenamiento_id, jugador_id, estado, motivo_ausencia_id, comentario, fecha_respuesta) VALUES (340, 11, 10, 'pendiente', NULL, NULL, '2025-11-24T15:53:37.737Z');
INSERT INTO asistencias_entrenamientos (id, entrenamiento_id, jugador_id, estado, motivo_ausencia_id, comentario, fecha_respuesta) VALUES (255, 7, 15, 'pendiente', NULL, NULL, '2025-11-24T14:37:26.618Z');
INSERT INTO asistencias_entrenamientos (id, entrenamiento_id, jugador_id, estado, motivo_ausencia_id, comentario, fecha_respuesta) VALUES (260, 8, 15, 'pendiente', NULL, NULL, '2025-11-24T14:37:58.252Z');
INSERT INTO asistencias_entrenamientos (id, entrenamiento_id, jugador_id, estado, motivo_ausencia_id, comentario, fecha_respuesta) VALUES (247, 7, 7, 'confirmado', NULL, NULL, '2025-11-24T14:42:13.292Z');
INSERT INTO asistencias_entrenamientos (id, entrenamiento_id, jugador_id, estado, motivo_ausencia_id, comentario, fecha_respuesta) VALUES (251, 7, 11, 'confirmado', NULL, NULL, '2025-11-24T14:42:15.232Z');
INSERT INTO asistencias_entrenamientos (id, entrenamiento_id, jugador_id, estado, motivo_ausencia_id, comentario, fecha_respuesta) VALUES (275, 7, 17, 'confirmado', NULL, NULL, '2025-11-24T14:43:07.325Z');
INSERT INTO asistencias_entrenamientos (id, entrenamiento_id, jugador_id, estado, motivo_ausencia_id, comentario, fecha_respuesta) VALUES (271, 7, 16, 'confirmado', NULL, NULL, '2025-11-24T14:43:16.559Z');
INSERT INTO asistencias_entrenamientos (id, entrenamiento_id, jugador_id, estado, motivo_ausencia_id, comentario, fecha_respuesta) VALUES (278, 8, 18, 'pendiente', NULL, NULL, '2025-11-24T14:43:52.032Z');
INSERT INTO asistencias_entrenamientos (id, entrenamiento_id, jugador_id, estado, motivo_ausencia_id, comentario, fecha_respuesta) VALUES (250, 7, 10, 'confirmado', NULL, NULL, '2025-11-24T15:13:55.656Z');
INSERT INTO asistencias_entrenamientos (id, entrenamiento_id, jugador_id, estado, motivo_ausencia_id, comentario, fecha_respuesta) VALUES (244, 7, 4, 'confirmado', NULL, NULL, '2025-11-24T15:14:01.644Z');
INSERT INTO asistencias_entrenamientos (id, entrenamiento_id, jugador_id, estado, motivo_ausencia_id, comentario, fecha_respuesta) VALUES (252, 7, 12, 'confirmado', NULL, NULL, '2025-11-24T15:14:10.287Z');
INSERT INTO asistencias_entrenamientos (id, entrenamiento_id, jugador_id, estado, motivo_ausencia_id, comentario, fecha_respuesta) VALUES (253, 7, 13, 'confirmado', NULL, NULL, '2025-11-24T15:14:12.398Z');
INSERT INTO asistencias_entrenamientos (id, entrenamiento_id, jugador_id, estado, motivo_ausencia_id, comentario, fecha_respuesta) VALUES (246, 7, 6, 'confirmado', NULL, NULL, '2025-11-24T15:14:15.847Z');
INSERT INTO asistencias_entrenamientos (id, entrenamiento_id, jugador_id, estado, motivo_ausencia_id, comentario, fecha_respuesta) VALUES (279, 7, 18, 'confirmado', NULL, NULL, '2025-11-24T15:14:22.330Z');
INSERT INTO asistencias_entrenamientos (id, entrenamiento_id, jugador_id, estado, motivo_ausencia_id, comentario, fecha_respuesta) VALUES (248, 7, 8, 'no_asiste', 6, NULL, '2025-11-24T15:14:27.168Z');
INSERT INTO asistencias_entrenamientos (id, entrenamiento_id, jugador_id, estado, motivo_ausencia_id, comentario, fecha_respuesta) VALUES (254, 7, 14, 'confirmado', NULL, NULL, '2025-11-24T15:14:38.581Z');
INSERT INTO asistencias_entrenamientos (id, entrenamiento_id, jugador_id, estado, motivo_ausencia_id, comentario, fecha_respuesta) VALUES (249, 7, 9, 'no_asiste', 6, NULL, '2025-11-24T15:14:54.030Z');
INSERT INTO asistencias_entrenamientos (id, entrenamiento_id, jugador_id, estado, motivo_ausencia_id, comentario, fecha_respuesta) VALUES (243, 7, 2, 'confirmado', NULL, NULL, '2025-11-24T15:15:26.783Z');
INSERT INTO asistencias_entrenamientos (id, entrenamiento_id, jugador_id, estado, motivo_ausencia_id, comentario, fecha_respuesta) VALUES (274, 8, 17, 'confirmado', NULL, NULL, '2025-11-24T15:15:44.173Z');
INSERT INTO asistencias_entrenamientos (id, entrenamiento_id, jugador_id, estado, motivo_ausencia_id, comentario, fecha_respuesta) VALUES (258, 8, 9, 'confirmado', NULL, NULL, '2025-11-24T15:15:58.157Z');
INSERT INTO asistencias_entrenamientos (id, entrenamiento_id, jugador_id, estado, motivo_ausencia_id, comentario, fecha_respuesta) VALUES (268, 8, 2, 'confirmado', NULL, NULL, '2025-11-24T15:16:02.691Z');
INSERT INTO asistencias_entrenamientos (id, entrenamiento_id, jugador_id, estado, motivo_ausencia_id, comentario, fecha_respuesta) VALUES (263, 8, 14, 'confirmado', NULL, NULL, '2025-11-24T15:16:09.491Z');
INSERT INTO asistencias_entrenamientos (id, entrenamiento_id, jugador_id, estado, motivo_ausencia_id, comentario, fecha_respuesta) VALUES (270, 8, 16, 'confirmado', NULL, NULL, '2025-11-24T15:16:11.342Z');
INSERT INTO asistencias_entrenamientos (id, entrenamiento_id, jugador_id, estado, motivo_ausencia_id, comentario, fecha_respuesta) VALUES (257, 8, 8, 'confirmado', NULL, NULL, '2025-11-24T15:16:13.640Z');
INSERT INTO asistencias_entrenamientos (id, entrenamiento_id, jugador_id, estado, motivo_ausencia_id, comentario, fecha_respuesta) VALUES (341, 11, 18, 'pendiente', NULL, NULL, '2025-11-24T15:53:37.739Z');
INSERT INTO asistencias_entrenamientos (id, entrenamiento_id, jugador_id, estado, motivo_ausencia_id, comentario, fecha_respuesta) VALUES (342, 11, 8, 'pendiente', NULL, NULL, '2025-11-24T15:53:37.741Z');
INSERT INTO asistencias_entrenamientos (id, entrenamiento_id, jugador_id, estado, motivo_ausencia_id, comentario, fecha_respuesta) VALUES (343, 11, 16, 'pendiente', NULL, NULL, '2025-11-24T15:53:37.743Z');
INSERT INTO asistencias_entrenamientos (id, entrenamiento_id, jugador_id, estado, motivo_ausencia_id, comentario, fecha_respuesta) VALUES (344, 11, 9, 'pendiente', NULL, NULL, '2025-11-24T15:53:37.745Z');
INSERT INTO asistencias_entrenamientos (id, entrenamiento_id, jugador_id, estado, motivo_ausencia_id, comentario, fecha_respuesta) VALUES (345, 11, 4, 'pendiente', NULL, NULL, '2025-11-24T15:53:37.746Z');
INSERT INTO asistencias_entrenamientos (id, entrenamiento_id, jugador_id, estado, motivo_ausencia_id, comentario, fecha_respuesta) VALUES (346, 11, 15, 'pendiente', NULL, NULL, '2025-11-24T15:53:37.748Z');
INSERT INTO asistencias_entrenamientos (id, entrenamiento_id, jugador_id, estado, motivo_ausencia_id, comentario, fecha_respuesta) VALUES (347, 11, 12, 'pendiente', NULL, NULL, '2025-11-24T15:53:37.749Z');
INSERT INTO asistencias_entrenamientos (id, entrenamiento_id, jugador_id, estado, motivo_ausencia_id, comentario, fecha_respuesta) VALUES (348, 11, 7, 'pendiente', NULL, NULL, '2025-11-24T15:53:37.751Z');
INSERT INTO asistencias_entrenamientos (id, entrenamiento_id, jugador_id, estado, motivo_ausencia_id, comentario, fecha_respuesta) VALUES (349, 11, 14, 'pendiente', NULL, NULL, '2025-11-24T15:53:37.752Z');
INSERT INTO asistencias_entrenamientos (id, entrenamiento_id, jugador_id, estado, motivo_ausencia_id, comentario, fecha_respuesta) VALUES (350, 11, 5, 'pendiente', NULL, NULL, '2025-11-24T15:53:37.754Z');
INSERT INTO asistencias_entrenamientos (id, entrenamiento_id, jugador_id, estado, motivo_ausencia_id, comentario, fecha_respuesta) VALUES (351, 11, 3, 'pendiente', NULL, NULL, '2025-11-24T15:53:37.756Z');
INSERT INTO asistencias_entrenamientos (id, entrenamiento_id, jugador_id, estado, motivo_ausencia_id, comentario, fecha_respuesta) VALUES (352, 11, 13, 'pendiente', NULL, NULL, '2025-11-24T15:53:37.757Z');
INSERT INTO asistencias_entrenamientos (id, entrenamiento_id, jugador_id, estado, motivo_ausencia_id, comentario, fecha_respuesta) VALUES (353, 11, 6, 'pendiente', NULL, NULL, '2025-11-24T15:53:37.759Z');
INSERT INTO asistencias_entrenamientos (id, entrenamiento_id, jugador_id, estado, motivo_ausencia_id, comentario, fecha_respuesta) VALUES (354, 11, 2, 'pendiente', NULL, NULL, '2025-11-24T15:53:37.761Z');
INSERT INTO asistencias_entrenamientos (id, entrenamiento_id, jugador_id, estado, motivo_ausencia_id, comentario, fecha_respuesta) VALUES (355, 11, 11, 'pendiente', NULL, NULL, '2025-11-24T15:53:37.762Z');
INSERT INTO asistencias_entrenamientos (id, entrenamiento_id, jugador_id, estado, motivo_ausencia_id, comentario, fecha_respuesta) VALUES (356, 12, 17, 'pendiente', NULL, NULL, '2025-11-24T15:55:14.369Z');
INSERT INTO asistencias_entrenamientos (id, entrenamiento_id, jugador_id, estado, motivo_ausencia_id, comentario, fecha_respuesta) VALUES (357, 12, 10, 'pendiente', NULL, NULL, '2025-11-24T15:55:14.372Z');
INSERT INTO asistencias_entrenamientos (id, entrenamiento_id, jugador_id, estado, motivo_ausencia_id, comentario, fecha_respuesta) VALUES (358, 12, 18, 'pendiente', NULL, NULL, '2025-11-24T15:55:14.373Z');
INSERT INTO asistencias_entrenamientos (id, entrenamiento_id, jugador_id, estado, motivo_ausencia_id, comentario, fecha_respuesta) VALUES (359, 12, 8, 'pendiente', NULL, NULL, '2025-11-24T15:55:14.375Z');
INSERT INTO asistencias_entrenamientos (id, entrenamiento_id, jugador_id, estado, motivo_ausencia_id, comentario, fecha_respuesta) VALUES (360, 12, 16, 'pendiente', NULL, NULL, '2025-11-24T15:55:14.377Z');
INSERT INTO asistencias_entrenamientos (id, entrenamiento_id, jugador_id, estado, motivo_ausencia_id, comentario, fecha_respuesta) VALUES (361, 12, 9, 'pendiente', NULL, NULL, '2025-11-24T15:55:14.379Z');
INSERT INTO asistencias_entrenamientos (id, entrenamiento_id, jugador_id, estado, motivo_ausencia_id, comentario, fecha_respuesta) VALUES (362, 12, 4, 'pendiente', NULL, NULL, '2025-11-24T15:55:14.380Z');
INSERT INTO asistencias_entrenamientos (id, entrenamiento_id, jugador_id, estado, motivo_ausencia_id, comentario, fecha_respuesta) VALUES (363, 12, 15, 'pendiente', NULL, NULL, '2025-11-24T15:55:14.382Z');
INSERT INTO asistencias_entrenamientos (id, entrenamiento_id, jugador_id, estado, motivo_ausencia_id, comentario, fecha_respuesta) VALUES (364, 12, 12, 'pendiente', NULL, NULL, '2025-11-24T15:55:14.384Z');
INSERT INTO asistencias_entrenamientos (id, entrenamiento_id, jugador_id, estado, motivo_ausencia_id, comentario, fecha_respuesta) VALUES (365, 12, 7, 'pendiente', NULL, NULL, '2025-11-24T15:55:14.386Z');
INSERT INTO asistencias_entrenamientos (id, entrenamiento_id, jugador_id, estado, motivo_ausencia_id, comentario, fecha_respuesta) VALUES (366, 12, 14, 'pendiente', NULL, NULL, '2025-11-24T15:55:14.388Z');
INSERT INTO asistencias_entrenamientos (id, entrenamiento_id, jugador_id, estado, motivo_ausencia_id, comentario, fecha_respuesta) VALUES (367, 12, 5, 'pendiente', NULL, NULL, '2025-11-24T15:55:14.389Z');
INSERT INTO asistencias_entrenamientos (id, entrenamiento_id, jugador_id, estado, motivo_ausencia_id, comentario, fecha_respuesta) VALUES (368, 12, 3, 'pendiente', NULL, NULL, '2025-11-24T15:55:14.391Z');
INSERT INTO asistencias_entrenamientos (id, entrenamiento_id, jugador_id, estado, motivo_ausencia_id, comentario, fecha_respuesta) VALUES (369, 12, 13, 'pendiente', NULL, NULL, '2025-11-24T15:55:14.393Z');
INSERT INTO asistencias_entrenamientos (id, entrenamiento_id, jugador_id, estado, motivo_ausencia_id, comentario, fecha_respuesta) VALUES (370, 12, 6, 'pendiente', NULL, NULL, '2025-11-24T15:55:14.395Z');
INSERT INTO asistencias_entrenamientos (id, entrenamiento_id, jugador_id, estado, motivo_ausencia_id, comentario, fecha_respuesta) VALUES (371, 12, 2, 'pendiente', NULL, NULL, '2025-11-24T15:55:14.397Z');
INSERT INTO asistencias_entrenamientos (id, entrenamiento_id, jugador_id, estado, motivo_ausencia_id, comentario, fecha_respuesta) VALUES (372, 12, 11, 'pendiente', NULL, NULL, '2025-11-24T15:55:14.399Z');
INSERT INTO asistencias_entrenamientos (id, entrenamiento_id, jugador_id, estado, motivo_ausencia_id, comentario, fecha_respuesta) VALUES (373, 13, 17, 'pendiente', NULL, NULL, '2025-11-24T15:55:27.731Z');
INSERT INTO asistencias_entrenamientos (id, entrenamiento_id, jugador_id, estado, motivo_ausencia_id, comentario, fecha_respuesta) VALUES (374, 13, 10, 'pendiente', NULL, NULL, '2025-11-24T15:55:27.734Z');
INSERT INTO asistencias_entrenamientos (id, entrenamiento_id, jugador_id, estado, motivo_ausencia_id, comentario, fecha_respuesta) VALUES (375, 13, 18, 'pendiente', NULL, NULL, '2025-11-24T15:55:27.735Z');
INSERT INTO asistencias_entrenamientos (id, entrenamiento_id, jugador_id, estado, motivo_ausencia_id, comentario, fecha_respuesta) VALUES (376, 13, 8, 'pendiente', NULL, NULL, '2025-11-24T15:55:27.737Z');
INSERT INTO asistencias_entrenamientos (id, entrenamiento_id, jugador_id, estado, motivo_ausencia_id, comentario, fecha_respuesta) VALUES (377, 13, 16, 'pendiente', NULL, NULL, '2025-11-24T15:55:27.738Z');
INSERT INTO asistencias_entrenamientos (id, entrenamiento_id, jugador_id, estado, motivo_ausencia_id, comentario, fecha_respuesta) VALUES (378, 13, 9, 'pendiente', NULL, NULL, '2025-11-24T15:55:27.740Z');
INSERT INTO asistencias_entrenamientos (id, entrenamiento_id, jugador_id, estado, motivo_ausencia_id, comentario, fecha_respuesta) VALUES (379, 13, 4, 'pendiente', NULL, NULL, '2025-11-24T15:55:27.741Z');
INSERT INTO asistencias_entrenamientos (id, entrenamiento_id, jugador_id, estado, motivo_ausencia_id, comentario, fecha_respuesta) VALUES (380, 13, 15, 'pendiente', NULL, NULL, '2025-11-24T15:55:27.743Z');
INSERT INTO asistencias_entrenamientos (id, entrenamiento_id, jugador_id, estado, motivo_ausencia_id, comentario, fecha_respuesta) VALUES (381, 13, 12, 'pendiente', NULL, NULL, '2025-11-24T15:55:27.744Z');
INSERT INTO asistencias_entrenamientos (id, entrenamiento_id, jugador_id, estado, motivo_ausencia_id, comentario, fecha_respuesta) VALUES (382, 13, 7, 'pendiente', NULL, NULL, '2025-11-24T15:55:27.746Z');
INSERT INTO asistencias_entrenamientos (id, entrenamiento_id, jugador_id, estado, motivo_ausencia_id, comentario, fecha_respuesta) VALUES (383, 13, 14, 'pendiente', NULL, NULL, '2025-11-24T15:55:27.747Z');
INSERT INTO asistencias_entrenamientos (id, entrenamiento_id, jugador_id, estado, motivo_ausencia_id, comentario, fecha_respuesta) VALUES (384, 13, 5, 'pendiente', NULL, NULL, '2025-11-24T15:55:27.749Z');
INSERT INTO asistencias_entrenamientos (id, entrenamiento_id, jugador_id, estado, motivo_ausencia_id, comentario, fecha_respuesta) VALUES (385, 13, 3, 'pendiente', NULL, NULL, '2025-11-24T15:55:27.750Z');
INSERT INTO asistencias_entrenamientos (id, entrenamiento_id, jugador_id, estado, motivo_ausencia_id, comentario, fecha_respuesta) VALUES (386, 13, 13, 'pendiente', NULL, NULL, '2025-11-24T15:55:27.752Z');
INSERT INTO asistencias_entrenamientos (id, entrenamiento_id, jugador_id, estado, motivo_ausencia_id, comentario, fecha_respuesta) VALUES (387, 13, 6, 'pendiente', NULL, NULL, '2025-11-24T15:55:27.753Z');
INSERT INTO asistencias_entrenamientos (id, entrenamiento_id, jugador_id, estado, motivo_ausencia_id, comentario, fecha_respuesta) VALUES (388, 13, 2, 'pendiente', NULL, NULL, '2025-11-24T15:55:27.754Z');
INSERT INTO asistencias_entrenamientos (id, entrenamiento_id, jugador_id, estado, motivo_ausencia_id, comentario, fecha_respuesta) VALUES (389, 13, 11, 'pendiente', NULL, NULL, '2025-11-24T15:55:27.756Z');

-- Datos de asistencias_partidos
INSERT INTO asistencias_partidos (id, partido_id, jugador_id, estado, motivo_ausencia_id, comentario, fecha_respuesta) VALUES (117, 3, 3, 'confirmado', NULL, NULL, '2025-11-24T15:19:12.569Z');
INSERT INTO asistencias_partidos (id, partido_id, jugador_id, estado, motivo_ausencia_id, comentario, fecha_respuesta) VALUES (111, 3, 4, 'confirmado', NULL, NULL, '2025-11-24T15:19:39.560Z');
INSERT INTO asistencias_partidos (id, partido_id, jugador_id, estado, motivo_ausencia_id, comentario, fecha_respuesta) VALUES (116, 3, 5, 'confirmado', NULL, NULL, '2025-11-24T15:19:42.450Z');
INSERT INTO asistencias_partidos (id, partido_id, jugador_id, estado, motivo_ausencia_id, comentario, fecha_respuesta) VALUES (113, 3, 12, 'confirmado', NULL, NULL, '2025-11-24T15:19:46.119Z');
INSERT INTO asistencias_partidos (id, partido_id, jugador_id, estado, motivo_ausencia_id, comentario, fecha_respuesta) VALUES (118, 3, 13, 'confirmado', NULL, NULL, '2025-11-24T15:19:52.416Z');
INSERT INTO asistencias_partidos (id, partido_id, jugador_id, estado, motivo_ausencia_id, comentario, fecha_respuesta) VALUES (119, 3, 6, 'confirmado', NULL, NULL, '2025-11-24T15:19:54.401Z');
INSERT INTO asistencias_partidos (id, partido_id, jugador_id, estado, motivo_ausencia_id, comentario, fecha_respuesta) VALUES (114, 3, 7, 'confirmado', NULL, NULL, '2025-11-24T15:19:57.171Z');
INSERT INTO asistencias_partidos (id, partido_id, jugador_id, estado, motivo_ausencia_id, comentario, fecha_respuesta) VALUES (121, 3, 11, 'confirmado', NULL, NULL, '2025-11-24T15:20:03.556Z');
INSERT INTO asistencias_partidos (id, partido_id, jugador_id, estado, motivo_ausencia_id, comentario, fecha_respuesta) VALUES (120, 3, 2, 'confirmado', NULL, NULL, '2025-11-24T15:20:20.728Z');
INSERT INTO asistencias_partidos (id, partido_id, jugador_id, estado, motivo_ausencia_id, comentario, fecha_respuesta) VALUES (115, 3, 14, 'confirmado', NULL, NULL, '2025-11-24T15:20:28.952Z');
INSERT INTO asistencias_partidos (id, partido_id, jugador_id, estado, motivo_ausencia_id, comentario, fecha_respuesta) VALUES (105, 3, 17, 'no_asiste', 8, NULL, '2025-11-24T15:31:28.046Z');
INSERT INTO asistencias_partidos (id, partido_id, jugador_id, estado, motivo_ausencia_id, comentario, fecha_respuesta) VALUES (107, 3, 18, 'no_asiste', 8, NULL, '2025-11-24T15:31:48.218Z');
INSERT INTO asistencias_partidos (id, partido_id, jugador_id, estado, motivo_ausencia_id, comentario, fecha_respuesta) VALUES (110, 3, 16, 'no_asiste', 8, NULL, '2025-11-24T15:31:57.985Z');
INSERT INTO asistencias_partidos (id, partido_id, jugador_id, estado, motivo_ausencia_id, comentario, fecha_respuesta) VALUES (112, 3, 15, 'pendiente', NULL, NULL, '2025-11-24T15:32:09.074Z');
INSERT INTO asistencias_partidos (id, partido_id, jugador_id, estado, motivo_ausencia_id, comentario, fecha_respuesta) VALUES (106, 3, 10, 'confirmado', NULL, NULL, '2025-11-24T15:37:39.981Z');
INSERT INTO asistencias_partidos (id, partido_id, jugador_id, estado, motivo_ausencia_id, comentario, fecha_respuesta) VALUES (109, 3, 9, 'confirmado', NULL, NULL, '2025-11-24T15:37:41.658Z');
INSERT INTO asistencias_partidos (id, partido_id, jugador_id, estado, motivo_ausencia_id, comentario, fecha_respuesta) VALUES (108, 3, 8, 'confirmado', NULL, NULL, '2025-11-24T15:37:43.034Z');
INSERT INTO asistencias_partidos (id, partido_id, jugador_id, estado, motivo_ausencia_id, comentario, fecha_respuesta) VALUES (150, 4, 17, 'pendiente', NULL, NULL, '2025-11-24T15:53:05.543Z');
INSERT INTO asistencias_partidos (id, partido_id, jugador_id, estado, motivo_ausencia_id, comentario, fecha_respuesta) VALUES (151, 4, 10, 'pendiente', NULL, NULL, '2025-11-24T15:53:05.548Z');
INSERT INTO asistencias_partidos (id, partido_id, jugador_id, estado, motivo_ausencia_id, comentario, fecha_respuesta) VALUES (152, 4, 18, 'pendiente', NULL, NULL, '2025-11-24T15:53:05.550Z');
INSERT INTO asistencias_partidos (id, partido_id, jugador_id, estado, motivo_ausencia_id, comentario, fecha_respuesta) VALUES (153, 4, 8, 'pendiente', NULL, NULL, '2025-11-24T15:53:05.552Z');
INSERT INTO asistencias_partidos (id, partido_id, jugador_id, estado, motivo_ausencia_id, comentario, fecha_respuesta) VALUES (154, 4, 16, 'pendiente', NULL, NULL, '2025-11-24T15:53:05.554Z');
INSERT INTO asistencias_partidos (id, partido_id, jugador_id, estado, motivo_ausencia_id, comentario, fecha_respuesta) VALUES (155, 4, 9, 'pendiente', NULL, NULL, '2025-11-24T15:53:05.556Z');
INSERT INTO asistencias_partidos (id, partido_id, jugador_id, estado, motivo_ausencia_id, comentario, fecha_respuesta) VALUES (156, 4, 4, 'pendiente', NULL, NULL, '2025-11-24T15:53:05.558Z');
INSERT INTO asistencias_partidos (id, partido_id, jugador_id, estado, motivo_ausencia_id, comentario, fecha_respuesta) VALUES (157, 4, 15, 'pendiente', NULL, NULL, '2025-11-24T15:53:05.560Z');
INSERT INTO asistencias_partidos (id, partido_id, jugador_id, estado, motivo_ausencia_id, comentario, fecha_respuesta) VALUES (158, 4, 12, 'pendiente', NULL, NULL, '2025-11-24T15:53:05.562Z');
INSERT INTO asistencias_partidos (id, partido_id, jugador_id, estado, motivo_ausencia_id, comentario, fecha_respuesta) VALUES (159, 4, 7, 'pendiente', NULL, NULL, '2025-11-24T15:53:05.564Z');
INSERT INTO asistencias_partidos (id, partido_id, jugador_id, estado, motivo_ausencia_id, comentario, fecha_respuesta) VALUES (160, 4, 14, 'pendiente', NULL, NULL, '2025-11-24T15:53:05.566Z');
INSERT INTO asistencias_partidos (id, partido_id, jugador_id, estado, motivo_ausencia_id, comentario, fecha_respuesta) VALUES (161, 4, 5, 'pendiente', NULL, NULL, '2025-11-24T15:53:05.567Z');
INSERT INTO asistencias_partidos (id, partido_id, jugador_id, estado, motivo_ausencia_id, comentario, fecha_respuesta) VALUES (162, 4, 3, 'pendiente', NULL, NULL, '2025-11-24T15:53:05.569Z');
INSERT INTO asistencias_partidos (id, partido_id, jugador_id, estado, motivo_ausencia_id, comentario, fecha_respuesta) VALUES (163, 4, 13, 'pendiente', NULL, NULL, '2025-11-24T15:53:05.571Z');
INSERT INTO asistencias_partidos (id, partido_id, jugador_id, estado, motivo_ausencia_id, comentario, fecha_respuesta) VALUES (164, 4, 6, 'pendiente', NULL, NULL, '2025-11-24T15:53:05.573Z');
INSERT INTO asistencias_partidos (id, partido_id, jugador_id, estado, motivo_ausencia_id, comentario, fecha_respuesta) VALUES (165, 4, 2, 'pendiente', NULL, NULL, '2025-11-24T15:53:05.574Z');
INSERT INTO asistencias_partidos (id, partido_id, jugador_id, estado, motivo_ausencia_id, comentario, fecha_respuesta) VALUES (166, 4, 11, 'pendiente', NULL, NULL, '2025-11-24T15:53:05.576Z');
INSERT INTO asistencias_partidos (id, partido_id, jugador_id, estado, motivo_ausencia_id, comentario, fecha_respuesta) VALUES (167, 5, 17, 'pendiente', NULL, NULL, '2025-11-24T15:54:15.007Z');
INSERT INTO asistencias_partidos (id, partido_id, jugador_id, estado, motivo_ausencia_id, comentario, fecha_respuesta) VALUES (168, 5, 10, 'pendiente', NULL, NULL, '2025-11-24T15:54:15.009Z');
INSERT INTO asistencias_partidos (id, partido_id, jugador_id, estado, motivo_ausencia_id, comentario, fecha_respuesta) VALUES (169, 5, 18, 'pendiente', NULL, NULL, '2025-11-24T15:54:15.011Z');
INSERT INTO asistencias_partidos (id, partido_id, jugador_id, estado, motivo_ausencia_id, comentario, fecha_respuesta) VALUES (170, 5, 8, 'pendiente', NULL, NULL, '2025-11-24T15:54:15.016Z');
INSERT INTO asistencias_partidos (id, partido_id, jugador_id, estado, motivo_ausencia_id, comentario, fecha_respuesta) VALUES (171, 5, 16, 'pendiente', NULL, NULL, '2025-11-24T15:54:15.018Z');
INSERT INTO asistencias_partidos (id, partido_id, jugador_id, estado, motivo_ausencia_id, comentario, fecha_respuesta) VALUES (172, 5, 9, 'pendiente', NULL, NULL, '2025-11-24T15:54:15.020Z');
INSERT INTO asistencias_partidos (id, partido_id, jugador_id, estado, motivo_ausencia_id, comentario, fecha_respuesta) VALUES (173, 5, 4, 'pendiente', NULL, NULL, '2025-11-24T15:54:15.021Z');
INSERT INTO asistencias_partidos (id, partido_id, jugador_id, estado, motivo_ausencia_id, comentario, fecha_respuesta) VALUES (174, 5, 15, 'pendiente', NULL, NULL, '2025-11-24T15:54:15.023Z');
INSERT INTO asistencias_partidos (id, partido_id, jugador_id, estado, motivo_ausencia_id, comentario, fecha_respuesta) VALUES (175, 5, 12, 'pendiente', NULL, NULL, '2025-11-24T15:54:15.025Z');
INSERT INTO asistencias_partidos (id, partido_id, jugador_id, estado, motivo_ausencia_id, comentario, fecha_respuesta) VALUES (176, 5, 7, 'pendiente', NULL, NULL, '2025-11-24T15:54:15.027Z');
INSERT INTO asistencias_partidos (id, partido_id, jugador_id, estado, motivo_ausencia_id, comentario, fecha_respuesta) VALUES (177, 5, 14, 'pendiente', NULL, NULL, '2025-11-24T15:54:15.029Z');
INSERT INTO asistencias_partidos (id, partido_id, jugador_id, estado, motivo_ausencia_id, comentario, fecha_respuesta) VALUES (178, 5, 5, 'pendiente', NULL, NULL, '2025-11-24T15:54:15.031Z');
INSERT INTO asistencias_partidos (id, partido_id, jugador_id, estado, motivo_ausencia_id, comentario, fecha_respuesta) VALUES (179, 5, 3, 'pendiente', NULL, NULL, '2025-11-24T15:54:15.033Z');
INSERT INTO asistencias_partidos (id, partido_id, jugador_id, estado, motivo_ausencia_id, comentario, fecha_respuesta) VALUES (180, 5, 13, 'pendiente', NULL, NULL, '2025-11-24T15:54:15.035Z');
INSERT INTO asistencias_partidos (id, partido_id, jugador_id, estado, motivo_ausencia_id, comentario, fecha_respuesta) VALUES (181, 5, 6, 'pendiente', NULL, NULL, '2025-11-24T15:54:15.037Z');
INSERT INTO asistencias_partidos (id, partido_id, jugador_id, estado, motivo_ausencia_id, comentario, fecha_respuesta) VALUES (182, 5, 2, 'pendiente', NULL, NULL, '2025-11-24T15:54:15.040Z');
INSERT INTO asistencias_partidos (id, partido_id, jugador_id, estado, motivo_ausencia_id, comentario, fecha_respuesta) VALUES (183, 5, 11, 'pendiente', NULL, NULL, '2025-11-24T15:54:15.042Z');

-- Datos de entrenamientos
INSERT INTO entrenamientos (id, fecha, hora, lugar, descripcion, duracion_minutos, creado_por, created_at) VALUES (7, '2025-11-24T23:00:00.000Z', '21:00:00', 'Pabellón 1 Sant Fost', NULL, 90, 1, '2025-11-24T13:34:53.851Z');
INSERT INTO entrenamientos (id, fecha, hora, lugar, descripcion, duracion_minutos, creado_por, created_at) VALUES (8, '2025-11-26T23:00:00.000Z', '19:30:00', 'Pabellón 1 Sant Fost', NULL, 90, 1, '2025-11-24T14:37:58.236Z');
INSERT INTO entrenamientos (id, fecha, hora, lugar, descripcion, duracion_minutos, creado_por, created_at) VALUES (9, '2025-12-01T23:00:00.000Z', '21:00:00', 'Pabellón 1 Sant Fost', NULL, 90, 1, '2025-11-24T15:52:41.302Z');
INSERT INTO entrenamientos (id, fecha, hora, lugar, descripcion, duracion_minutos, creado_por, created_at) VALUES (10, '2025-12-08T23:00:00.000Z', '21:00:00', 'Pabellón 1 Sant Fost', NULL, 90, 1, '2025-11-24T15:53:25.555Z');
INSERT INTO entrenamientos (id, fecha, hora, lugar, descripcion, duracion_minutos, creado_por, created_at) VALUES (11, '2025-12-10T23:00:00.000Z', '19:30:00', 'Pabellón 1 Sant Fost', NULL, 90, 1, '2025-11-24T15:53:37.725Z');
INSERT INTO entrenamientos (id, fecha, hora, lugar, descripcion, duracion_minutos, creado_por, created_at) VALUES (12, '2025-12-15T23:00:00.000Z', '21:00:00', 'Pabellón 1 Sant Fost', NULL, 90, 1, '2025-11-24T15:55:14.361Z');
INSERT INTO entrenamientos (id, fecha, hora, lugar, descripcion, duracion_minutos, creado_por, created_at) VALUES (13, '2025-12-17T23:00:00.000Z', '19:30:00', 'Pabellón 1 Sant Fost', NULL, 90, 1, '2025-11-24T15:55:27.723Z');

-- Datos de jugadores
INSERT INTO jugadores (id, usuario_id, numero_dorsal, posicion, telefono, fecha_nacimiento, foto_url, created_at, alias, posicion_id) VALUES (1, 2, 24, 'Portero', NULL, NULL, NULL, '2025-11-17T03:30:29.335Z', 'Richard', 1);
INSERT INTO jugadores (id, usuario_id, numero_dorsal, posicion, telefono, fecha_nacimiento, foto_url, created_at, alias, posicion_id) VALUES (2, 3, 14, 'Cierre', NULL, NULL, NULL, '2025-11-24T13:30:00.904Z', 'Sopen', 2);
INSERT INTO jugadores (id, usuario_id, numero_dorsal, posicion, telefono, fecha_nacimiento, foto_url, created_at, alias, posicion_id) VALUES (3, 4, 6, 'Ala', NULL, NULL, NULL, '2025-11-24T13:44:17.207Z', 'Bene', 3);
INSERT INTO jugadores (id, usuario_id, numero_dorsal, posicion, telefono, fecha_nacimiento, foto_url, created_at, alias, posicion_id) VALUES (4, 5, 11, 'Pivot', NULL, NULL, NULL, '2025-11-24T13:58:42.134Z', 'Tosco', 4);
INSERT INTO jugadores (id, usuario_id, numero_dorsal, posicion, telefono, fecha_nacimiento, foto_url, created_at, alias, posicion_id) VALUES (5, 6, 21, 'Centrocampista', NULL, NULL, NULL, '2025-11-24T13:59:48.615Z', 'Joan', 3);
INSERT INTO jugadores (id, usuario_id, numero_dorsal, posicion, telefono, fecha_nacimiento, foto_url, created_at, alias, posicion_id) VALUES (6, 7, 9, NULL, NULL, NULL, NULL, '2025-11-24T14:24:55.173Z', 'Alemán', 4);
INSERT INTO jugadores (id, usuario_id, numero_dorsal, posicion, telefono, fecha_nacimiento, foto_url, created_at, alias, posicion_id) VALUES (7, 8, NULL, NULL, NULL, NULL, NULL, '2025-11-24T14:25:43.892Z', 'Marc', 7);
INSERT INTO jugadores (id, usuario_id, numero_dorsal, posicion, telefono, fecha_nacimiento, foto_url, created_at, alias, posicion_id) VALUES (8, 9, NULL, NULL, NULL, NULL, NULL, '2025-11-24T14:27:23.917Z', 'Murillo', 7);
INSERT INTO jugadores (id, usuario_id, numero_dorsal, posicion, telefono, fecha_nacimiento, foto_url, created_at, alias, posicion_id) VALUES (9, 10, NULL, NULL, NULL, NULL, NULL, '2025-11-24T14:27:55.427Z', 'Burrito', 7);
INSERT INTO jugadores (id, usuario_id, numero_dorsal, posicion, telefono, fecha_nacimiento, foto_url, created_at, alias, posicion_id) VALUES (11, 12, 8, NULL, NULL, NULL, NULL, '2025-11-24T14:30:52.028Z', 'Oxi', 6);
INSERT INTO jugadores (id, usuario_id, numero_dorsal, posicion, telefono, fecha_nacimiento, foto_url, created_at, alias, posicion_id) VALUES (10, 11, 28, NULL, NULL, NULL, NULL, '2025-11-24T14:30:02.175Z', 'Tanketa', 6);
INSERT INTO jugadores (id, usuario_id, numero_dorsal, posicion, telefono, fecha_nacimiento, foto_url, created_at, alias, posicion_id) VALUES (12, 13, 17, NULL, NULL, NULL, NULL, '2025-11-24T14:32:57.563Z', 'Fran', 3);
INSERT INTO jugadores (id, usuario_id, numero_dorsal, posicion, telefono, fecha_nacimiento, foto_url, created_at, alias, posicion_id) VALUES (13, 14, 10, NULL, NULL, NULL, NULL, '2025-11-24T14:36:31.614Z', 'Pol', 2);
INSERT INTO jugadores (id, usuario_id, numero_dorsal, posicion, telefono, fecha_nacimiento, foto_url, created_at, alias, posicion_id) VALUES (14, 15, 7, NULL, NULL, NULL, NULL, '2025-11-24T14:37:26.612Z', 'Pipa', 6);
INSERT INTO jugadores (id, usuario_id, numero_dorsal, posicion, telefono, fecha_nacimiento, foto_url, created_at, alias, posicion_id) VALUES (16, 17, NULL, NULL, NULL, NULL, NULL, '2025-11-24T14:42:46.532Z', 'Albert', 10);
INSERT INTO jugadores (id, usuario_id, numero_dorsal, posicion, telefono, fecha_nacimiento, foto_url, created_at, alias, posicion_id) VALUES (17, 18, NULL, NULL, NULL, NULL, NULL, '2025-11-24T14:43:52.027Z', 'Jordi', 10);
INSERT INTO jugadores (id, usuario_id, numero_dorsal, posicion, telefono, fecha_nacimiento, foto_url, created_at, alias, posicion_id) VALUES (15, 16, NULL, NULL, NULL, NULL, NULL, '2025-11-24T14:39:22.438Z', 'Mario', 10);

-- Datos de motivos_ausencia
INSERT INTO motivos_ausencia (id, motivo, activo, created_at) VALUES (1, 'Lesión', TRUE, '2025-11-17T02:48:17.708Z');
INSERT INTO motivos_ausencia (id, motivo, activo, created_at) VALUES (2, 'Enfermedad', TRUE, '2025-11-17T02:48:17.708Z');
INSERT INTO motivos_ausencia (id, motivo, activo, created_at) VALUES (3, 'Trabajo', TRUE, '2025-11-17T02:48:17.708Z');
INSERT INTO motivos_ausencia (id, motivo, activo, created_at) VALUES (4, 'Estudios', TRUE, '2025-11-17T02:48:17.708Z');
INSERT INTO motivos_ausencia (id, motivo, activo, created_at) VALUES (5, 'Viaje', TRUE, '2025-11-17T02:48:17.708Z');
INSERT INTO motivos_ausencia (id, motivo, activo, created_at) VALUES (6, 'Asuntos personales', TRUE, '2025-11-17T02:48:17.708Z');
INSERT INTO motivos_ausencia (id, motivo, activo, created_at) VALUES (7, 'Otro', TRUE, '2025-11-17T02:48:17.708Z');
INSERT INTO motivos_ausencia (id, motivo, activo, created_at) VALUES (8, 'No tiene FICHA', TRUE, '2025-11-24T15:31:18.394Z');

-- Datos de partidos
INSERT INTO partidos (id, fecha, hora, rival, lugar, tipo, es_local, resultado, observaciones, creado_por, created_at) VALUES (3, '2025-11-28T23:00:00.000Z', '19:30:00', 'Polinyà "B"', 'Polinyà', 'liga', NULL, NULL, NULL, 1, '2025-11-24T15:17:51.003Z');
INSERT INTO partidos (id, fecha, hora, rival, lugar, tipo, es_local, resultado, observaciones, creado_por, created_at) VALUES (4, '2025-12-03T23:00:00.000Z', '21:30:00', 'Llagostense "A"', 'Pabellón 1 Sant Fost', 'copa', NULL, NULL, NULL, 1, '2025-11-24T15:53:05.532Z');
INSERT INTO partidos (id, fecha, hora, rival, lugar, tipo, es_local, resultado, observaciones, creado_por, created_at) VALUES (5, '2025-12-12T23:00:00.000Z', '18:00:00', 'Franciscans Sabadell', 'Pabellón 1 Sant Fost', 'liga', NULL, NULL, NULL, 1, '2025-11-24T15:54:14.997Z');

-- Datos de posiciones
INSERT INTO posiciones (id, nombre, descripcion, orden, activo, created_at, abreviatura, color) VALUES (7, 'Staff', NULL, 99, TRUE, '2025-11-24T14:19:21.555Z', 'S', 'red');
INSERT INTO posiciones (id, nombre, descripcion, orden, activo, created_at, abreviatura, color) VALUES (1, 'Portero', NULL, 1, TRUE, '2025-11-24T14:17:28.867Z', 'J', 'blue');
INSERT INTO posiciones (id, nombre, descripcion, orden, activo, created_at, abreviatura, color) VALUES (2, 'Cierre', NULL, 2, TRUE, '2025-11-24T14:17:28.867Z', 'J', 'blue');
INSERT INTO posiciones (id, nombre, descripcion, orden, activo, created_at, abreviatura, color) VALUES (3, 'Ala', NULL, 3, TRUE, '2025-11-24T14:17:28.867Z', 'J', 'blue');
INSERT INTO posiciones (id, nombre, descripcion, orden, activo, created_at, abreviatura, color) VALUES (4, 'Pivot', NULL, 4, TRUE, '2025-11-24T14:17:28.867Z', 'J', 'blue');
INSERT INTO posiciones (id, nombre, descripcion, orden, activo, created_at, abreviatura, color) VALUES (6, 'Ala-Pivot', NULL, 6, TRUE, '2025-11-24T14:19:21.555Z', 'J', 'blue');
INSERT INTO posiciones (id, nombre, descripcion, orden, activo, created_at, abreviatura, color) VALUES (10, 'Extra', NULL, 98, TRUE, '2025-11-23T23:00:00.000Z', 'E', 'orangered');

-- Datos de usuarios
INSERT INTO usuarios (id, email, password, nombre, rol, activo, created_at) VALUES (1, 'fslacupula@gmail.com', '$2b$10$V46t22gZljSngYqrU5eZwu8KZwYLPasLm6k9s1PDcxmKT54i3nWma', 'Alberto Ortega', 'gestor', TRUE, '2025-11-17T02:56:38.026Z');
INSERT INTO usuarios (id, email, password, nombre, rol, activo, created_at) VALUES (3, 'sopenagonzalez@gmail.com', '$2b$10$TSwA/OB8gqztqB9CLQKXqO5/g3GUlFlaKNnJ/q5AJ3zSKuGu2J9ji', 'Albert Sopena', 'jugador', TRUE, '2025-11-24T13:30:00.902Z');
INSERT INTO usuarios (id, email, password, nombre, rol, activo, created_at) VALUES (4, 'alexbenedicogarcia@gmail.com', '$2b$10$vEUd2wdH4.vu3RoJYLpQkuiKF9qkEDzBHbQaAAJW8ZYBrzpO8t6.q', 'Alex Benedico', 'jugador', TRUE, '2025-11-24T13:44:17.205Z');
INSERT INTO usuarios (id, email, password, nombre, rol, activo, created_at) VALUES (5, 'alex.gomez.sans@gmail.com', '$2b$10$grlV45DiFOdX5Y50ySUU5uhkOtKQLhhh2RlNLmRLalDEHyNEuZ7kK', 'Alex Gómez', 'jugador', TRUE, '2025-11-24T13:58:42.130Z');
INSERT INTO usuarios (id, email, password, nombre, rol, activo, created_at) VALUES (6, 'joan.astivill93@gmail.com', '$2b$10$XIj8hGNXGChXJiOEu9ZaduLzaFNDaBKoSScZ70iYTxUoPJ9mUx7mO', 'Joan Astivill', 'jugador', TRUE, '2025-11-24T13:59:48.612Z');
INSERT INTO usuarios (id, email, password, nombre, rol, activo, created_at) VALUES (7, 'astivill10@gmail.com', '$2b$10$uYyKkmGmNW8RxqrXP8RUAubO9W0hhbLKwlOeI3cXPAuaqjmgWJZrm', 'Jodi Astivill', 'jugador', TRUE, '2025-11-24T14:24:55.171Z');
INSERT INTO usuarios (id, email, password, nombre, rol, activo, created_at) VALUES (8, 'markgarciaga@gmail.com', '$2b$10$Q2O7dazpbKIZRRaN8q9fGuF/Ppbgynz6Su9vvYyO7TrnJC6Q3OVve', 'Marc García', 'jugador', TRUE, '2025-11-24T14:25:43.889Z');
INSERT INTO usuarios (id, email, password, nombre, rol, activo, created_at) VALUES (9, 'victormurillo018@gmail.com', '$2b$10$vI43ocPorWAOXYbCnLjviuY7hfIuK4a2nShhiXGsJQFd6hJGi4yYK', 'Victor Murillo', 'jugador', TRUE, '2025-11-24T14:27:23.913Z');
INSERT INTO usuarios (id, email, password, nombre, rol, activo, created_at) VALUES (2, 'orborasystems@gmail.com', '$2b$10$jRwCJf7IQI0rHh8zZE28x.u329JKrj/lLR3n/gffp.j6tOyA2sUIW', 'Richard Giralt', 'jugador', TRUE, '2025-11-17T03:30:29.331Z');
INSERT INTO usuarios (id, email, password, nombre, rol, activo, created_at) VALUES (10, 'ortegasanz@gmail.com', '$2b$10$TAgWUEImRvVgiwPwPQQc8egsndQw2ywz2EM66tGHV/DoIVQXkBlui', 'Alberto Ortega', 'jugador', TRUE, '2025-11-24T14:27:55.425Z');
INSERT INTO usuarios (id, email, password, nombre, rol, activo, created_at) VALUES (11, 'joel.malagon.kubala@gmail.com', '$2b$10$TjjF.t8UewYeDBBZAIk/SO1PKIwLJIN2x7zc6qCBBoMsNlg7fb7NW', 'Joel Malagón', 'jugador', TRUE, '2025-11-24T14:30:02.172Z');
INSERT INTO usuarios (id, email, password, nombre, rol, activo, created_at) VALUES (12, 'edgarcruzfernandez@gmail.com', '$2b$10$v7s6CTs700juoJoNpUwu/.z6Ebi5HGrZWzDkHjz5BHrn0TyT/1TPW', 'Edgar Cruz', 'jugador', TRUE, '2025-11-24T14:30:52.024Z');
INSERT INTO usuarios (id, email, password, nombre, rol, activo, created_at) VALUES (13, 'fran1234@gmail.com', '$2b$10$hijInD.yMeB05d9ii8SGNuaE5wrRtxVy41cYG2Uox9ZMDI1kbG3Qm', 'Fran González', 'jugador', TRUE, '2025-11-24T14:32:57.559Z');
INSERT INTO usuarios (id, email, password, nombre, rol, activo, created_at) VALUES (14, 'pol1234@gmail.com', '$2b$10$0VAM7GzdydO9cdjP1jGe1.tA7pUyGj1Qj84VSvqckwfRPQniLHxRS', 'Pol Martínez', 'jugador', TRUE, '2025-11-24T14:36:31.611Z');
INSERT INTO usuarios (id, email, password, nombre, rol, activo, created_at) VALUES (15, 'victor1234@gmail.com', '$2b$10$kyNyV2CEWrB63ZqjYLm6CeEO8YbO9zPEOr.ZhYbyEm0MdELEd.NVK', 'Victor Zaragoza', 'jugador', TRUE, '2025-11-24T14:37:26.608Z');
INSERT INTO usuarios (id, email, password, nombre, rol, activo, created_at) VALUES (16, 'mario1234@gmail.com', '$2b$10$spwkaDQ8OkoNE7lElBJKLu/WgEBtOCuJi5LCYsuUXlPINsER6J.mG', 'Mario Rubio', 'jugador', TRUE, '2025-11-24T14:39:22.434Z');
INSERT INTO usuarios (id, email, password, nombre, rol, activo, created_at) VALUES (17, 'albert1234@gmail.com', '$2b$10$m7h3tbW4Al5IjkqUfN5GwuWrBTvtVHNZvJNrsuLjlljOKT0mwHY86', 'Albert', 'jugador', TRUE, '2025-11-24T14:42:46.529Z');
INSERT INTO usuarios (id, email, password, nombre, rol, activo, created_at) VALUES (18, 'jordi1234@gmail.com', '$2b$10$.d17cuzjBqhsSIkvDPdoCue0CRM6HsXJoMlq8Adnsr9tRkynbaHUy', 'Jordi Pérez', 'jugador', TRUE, '2025-11-24T14:43:52.023Z');

